'mlt_event_with_zero_results',event_eventType,has_URL_feat,has_URL_feat_1,has_jwToken_feat
mlt_event_with_zero_results,mlt-sport,has_feat,"",jwToken_feat
mlt_event_with_zero_results,mlt-sport,has_feat,"",jwToken_feat
mlt_event_with_zero_results,mlt-sport,"","",""
mlt_event_with_zero_results,mlt-sport,"","",""
mlt_event_with_zero_results,mlt-sport,has_feat,"",jwToken_feat
mlt_event_with_zero_results,mlt-sport,"","",""
mlt_event_with_zero_results,mlt-sport,has_feat,"",jwToken_feat
mlt_event_with_zero_results,mlt-sport,has_feat,"",jwToken_feat
mlt_event_with_zero_results,mlt-sport,has_feat,"",jwToken_feat
mlt_event_with_zero_results,mlt,"","",""
mlt_event_with_zero_results,mlt-sport,has_feat,"",jwToken_feat
mlt_event_with_zero_results,mlt-sport,has_feat,"",jwToken_feat
mlt_event_with_zero_results,mlt-sport,"","",""
mlt_event_with_zero_results,mlt-sport,"","",""
mlt_event_with_zero_results,mlt,has_feat,URL_feat,jwToken_feat
mlt_event_with_zero_results,mlt,"","",""
mlt_event_with_zero_results,mlt-sport,"","",""
mlt_event_with_zero_results,mlt,has_feat,"",jwToken_feat
mlt_event_with_zero_results,mlt-sport,has_feat,"",jwToken_feat
mlt_event_with_zero_results,mlt,has_feat,"",jwToken_feat
mlt_event_with_zero_results,mlt-sport,has_feat,"",jwToken_feat
mlt_event_with_zero_results,mlt-sport,"","",""
mlt_event_with_zero_results,mlt,"","",""
mlt_event_with_zero_results,mlt,has_feat,"",jwToken_feat
mlt_event_with_zero_results,mlt-sport,"","",""
mlt_event_with_zero_results,mlt,has_feat,"",jwToken_feat
mlt_event_with_zero_results,mlt,"","",""
mlt_event_with_zero_results,mlt-sport,"","",""
mlt_event_with_zero_results,mlt-sport,has_feat,"",jwToken_feat
mlt_event_with_zero_results,mlt-sport,has_feat,"",jwToken_feat
mlt_event_with_zero_results,mlt-sport,"","",""
mlt_event_with_zero_results,mlt-sport,has_feat,"",jwToken_feat
mlt_event_with_zero_results,mlt-sport,has_feat,"",jwToken_feat
mlt_event_with_zero_results,mlt-sport,has_feat,"",jwToken_feat
mlt_event_with_zero_results,mlt,has_feat,"",jwToken_feat
mlt_event_with_zero_results,mlt-sport,has_feat,URL_feat,jwToken_feat
mlt_event_with_zero_results,mlt,has_feat,URL_feat,jwToken_feat
mlt_event_with_zero_results,mlt,has_feat,"",jwToken_feat
mlt_event_with_zero_results,mlt-sport,has_feat,"",jwToken_feat
mlt_event_with_zero_results,mlt,has_feat,"",jwToken_feat
mlt_event_with_zero_results,mlt-sport,has_feat,"",jwToken_feat
mlt_event_with_zero_results,mlt-sport,has_feat,"",jwToken_feat
mlt_event_with_zero_results,mlt-sport,has_feat,"",jwToken_feat
mlt_event_with_zero_results,mlt,has_feat,"",jwToken_feat
mlt_event_with_zero_results,mlt-sport,"","",""
mlt_event_with_zero_results,mlt-sport,has_feat,"",jwToken_feat
mlt_event_with_zero_results,mlt-sport,has_feat,"",jwToken_feat
mlt_event_with_zero_results,mlt,has_feat,"",jwToken_feat
mlt_event_with_zero_results,mlt,has_feat,"",jwToken_feat
mlt_event_with_zero_results,mlt,has_feat,"",jwToken_feat
mlt_event_with_zero_results,mlt,has_feat,"",jwToken_feat
mlt_event_with_zero_results,mlt-sport,has_feat,"",jwToken_feat
mlt_event_with_zero_results,mlt-sport,has_feat,"",jwToken_feat
mlt_event_with_zero_results,mlt,has_feat,"",jwToken_feat
mlt_event_with_zero_results,mlt,has_feat,"",jwToken_feat
mlt_event_with_zero_results,mlt-sport,has_feat,"",jwToken_feat
mlt_event_with_zero_results,mlt-sport,has_feat,"",jwToken_feat
mlt_event_with_zero_results,mlt-sport,has_feat,"",jwToken_feat
mlt_event_with_zero_results,mlt-sport,has_feat,URL_feat,""
mlt_event_with_zero_results,mlt-sport,has_feat,URL_feat,jwToken_feat
mlt_event_with_zero_results,mlt-sport,has_feat,"",jwToken_feat
mlt_event_with_zero_results,mlt-sport,has_feat,"",jwToken_feat
mlt_event_with_zero_results,mlt,has_feat,"",jwToken_feat
mlt_event_with_zero_results,mlt-sport,has_feat,"",jwToken_feat
mlt_event_with_zero_results,mlt-sport,has_feat,"",jwToken_feat
mlt_event_with_zero_results,mlt-sport,has_feat,"",jwToken_feat
mlt_event_with_zero_results,mlt,has_feat,"",jwToken_feat
mlt_event_with_zero_results,mlt-sport,"","",""
mlt_event_with_zero_results,mlt-sport,has_feat,"",jwToken_feat
mlt_event_with_zero_results,mlt-sport,has_feat,"",jwToken_feat
mlt_event_with_zero_results,mlt,has_feat,URL_feat,jwToken_feat
mlt_event_with_zero_results,mlt,has_feat,URL_feat,jwToken_feat
mlt_event_with_zero_results,mlt-sport,has_feat,"",jwToken_feat
mlt_event_with_zero_results,mlt,has_feat,"",jwToken_feat
mlt_event_with_zero_results,mlt-sport,has_feat,"",jwToken_feat
mlt_event_with_zero_results,mlt-sport,has_feat,"",jwToken_feat
mlt_event_with_zero_results,mlt-sport,has_feat,"",jwToken_feat
mlt_event_with_zero_results,mlt-sport,has_feat,"",jwToken_feat
mlt_event_with_zero_results,mlt-sport,"","",""
mlt_event_with_zero_results,mlt-sport,has_feat,"",jwToken_feat
mlt_event_with_zero_results,mlt-sport,has_feat,"",jwToken_feat
mlt_event_with_zero_results,mlt-sport,has_feat,"",jwToken_feat
mlt_event_with_zero_results,mlt-sport,"","",""
mlt_event_with_zero_results,mlt-sport,has_feat,"",jwToken_feat
mlt_event_with_zero_results,mlt-sport,has_feat,"",jwToken_feat
mlt_event_with_zero_results,mlt-sport,has_feat,"",jwToken_feat
mlt_event_with_zero_results,mlt-sport,has_feat,"",jwToken_feat
mlt_event_with_zero_results,mlt-sport,has_feat,"",jwToken_feat
mlt_event_with_zero_results,mlt-sport,has_feat,"",jwToken_feat
mlt_event_with_zero_results,mlt-sport,has_feat,"",jwToken_feat
mlt_event_with_zero_results,mlt-sport,has_feat,"",jwToken_feat
mlt_event_with_zero_results,mlt-sport,has_feat,"",jwToken_feat
mlt_event_with_zero_results,mlt-sport,has_feat,"",jwToken_feat
mlt_event_with_zero_results,mlt-sport,has_feat,"",jwToken_feat
mlt_event_with_zero_results,mlt,has_feat,"",jwToken_feat
mlt_event_with_zero_results,mlt-sport,has_feat,"",jwToken_feat
mlt_event_with_zero_results,mlt-sport,has_feat,"",jwToken_feat
mlt_event_with_zero_results,mlt-sport,has_feat,"",jwToken_feat
mlt_event_with_zero_results,mlt-sport,has_feat,"",jwToken_feat
mlt_event_with_zero_results,mlt-sport,has_feat,"",jwToken_feat
mlt_event_with_zero_results,mlt-sport,has_feat,"",jwToken_feat
mlt_event_with_zero_results,mlt-sport,has_feat,"",jwToken_feat
mlt_event_with_zero_results,mlt,has_feat,URL_feat,jwToken_feat
mlt_event_with_zero_results,mlt-sport,has_feat,"",jwToken_feat
mlt_event_with_zero_results,mlt-sport,has_feat,"",jwToken_feat
mlt_event_with_zero_results,mlt-sport,has_feat,URL_feat,jwToken_feat
mlt_event_with_zero_results,mlt,has_feat,"",jwToken_feat
mlt_event_with_zero_results,mlt,has_feat,"",jwToken_feat
mlt_event_with_zero_results,mlt-sport,"","",""
mlt_event_with_zero_results,mlt-sport,has_feat,"",jwToken_feat
mlt_event_with_zero_results,mlt-sport,has_feat,"",jwToken_feat
mlt_event_with_zero_results,mlt-sport,has_feat,"",jwToken_feat
mlt_event_with_zero_results,mlt-sport,has_feat,"",jwToken_feat
mlt_event_with_zero_results,mlt-sport,has_feat,"",jwToken_feat
mlt_event_with_zero_results,mlt-sport,has_feat,"",jwToken_feat
mlt_event_with_zero_results,mlt-sport,has_feat,"",jwToken_feat
mlt_event_with_zero_results,mlt-sport,has_feat,"",jwToken_feat
mlt_event_with_zero_results,mlt,has_feat,"",jwToken_feat
mlt_event_with_zero_results,mlt-sport,has_feat,"",jwToken_feat
mlt_event_with_zero_results,mlt-sport,has_feat,"",jwToken_feat
mlt_event_with_zero_results,mlt,has_feat,"",jwToken_feat
mlt_event_with_zero_results,mlt-sport,has_feat,"",jwToken_feat
mlt_event_with_zero_results,mlt-sport,has_feat,"",jwToken_feat
mlt_event_with_zero_results,mlt-sport,has_feat,"",jwToken_feat
mlt_event_with_zero_results,mlt-sport,has_feat,"",jwToken_feat
mlt_event_with_zero_results,mlt-sport,has_feat,"",jwToken_feat
mlt_event_with_zero_results,mlt-sport,has_feat,"",jwToken_feat
mlt_event_with_zero_results,mlt,has_feat,"",jwToken_feat
mlt_event_with_zero_results,mlt-sport,has_feat,"",jwToken_feat
mlt_event_with_zero_results,mlt-sport,"","",""
mlt_event_with_zero_results,mlt-sport,has_feat,"",jwToken_feat
mlt_event_with_zero_results,mlt-sport,has_feat,"",jwToken_feat
mlt_event_with_zero_results,mlt,has_feat,"",jwToken_feat
mlt_event_with_zero_results,mlt-sport,has_feat,"",jwToken_feat
mlt_event_with_zero_results,mlt-sport,has_feat,"",jwToken_feat
mlt_event_with_zero_results,mlt,has_feat,URL_feat,""
mlt_event_with_zero_results,mlt-sport,has_feat,"",jwToken_feat
mlt_event_with_zero_results,mlt-sport,has_feat,"",jwToken_feat
mlt_event_with_zero_results,mlt-sport,has_feat,"",jwToken_feat
mlt_event_with_zero_results,mlt-sport,has_feat,"",jwToken_feat
mlt_event_with_zero_results,mlt-sport,has_feat,"",jwToken_feat
mlt_event_with_zero_results,mlt,has_feat,"",jwToken_feat
mlt_event_with_zero_results,mlt-sport,has_feat,"",jwToken_feat
mlt_event_with_zero_results,mlt-sport,has_feat,"",jwToken_feat
mlt_event_with_zero_results,mlt,has_feat,URL_feat,jwToken_feat
mlt_event_with_zero_results,mlt-sport,has_feat,"",jwToken_feat
mlt_event_with_zero_results,mlt-sport,has_feat,"",jwToken_feat
mlt_event_with_zero_results,mlt,has_feat,URL_feat,jwToken_feat
mlt_event_with_zero_results,mlt-sport,has_feat,"",jwToken_feat
mlt_event_with_zero_results,mlt-sport,has_feat,"",jwToken_feat
mlt_event_with_zero_results,mlt-sport,has_feat,"",jwToken_feat
mlt_event_with_zero_results,mlt-sport,has_feat,"",jwToken_feat
mlt_event_with_zero_results,mlt-sport,has_feat,"",jwToken_feat
mlt_event_with_zero_results,mlt-sport,has_feat,"",jwToken_feat
mlt_event_with_zero_results,mlt-sport,has_feat,"",jwToken_feat
mlt_event_with_zero_results,mlt,has_feat,URL_feat,jwToken_feat
mlt_event_with_zero_results,mlt-sport,has_feat,"",jwToken_feat
mlt_event_with_zero_results,mlt-sport,"","",""
mlt_event_with_zero_results,mlt-sport,has_feat,"",jwToken_feat
mlt_event_with_zero_results,mlt,has_feat,URL_feat,jwToken_feat
mlt_event_with_zero_results,mlt-sport,has_feat,URL_feat,jwToken_feat
mlt_event_with_zero_results,mlt-sport,has_feat,"",jwToken_feat
mlt_event_with_zero_results,mlt-sport,has_feat,"",jwToken_feat
mlt_event_with_zero_results,mlt-sport,has_feat,"",jwToken_feat
mlt_event_with_zero_results,mlt-sport,has_feat,"",jwToken_feat
mlt_event_with_zero_results,mlt-sport,has_feat,"",jwToken_feat
mlt_event_with_zero_results,mlt-sport,has_feat,"",jwToken_feat
mlt_event_with_zero_results,mlt,has_feat,"",jwToken_feat
mlt_event_with_zero_results,mlt-sport,has_feat,"",jwToken_feat
mlt_event_with_zero_results,mlt-sport,has_feat,"",jwToken_feat
mlt_event_with_zero_results,mlt-sport,has_feat,"",jwToken_feat
mlt_event_with_zero_results,mlt-sport,has_feat,"",jwToken_feat
mlt_event_with_zero_results,mlt-sport,has_feat,"",jwToken_feat
mlt_event_with_zero_results,mlt-sport,has_feat,"",jwToken_feat
mlt_event_with_zero_results,mlt,has_feat,"",jwToken_feat
mlt_event_with_zero_results,mlt-sport,"","",""
mlt_event_with_zero_results,mlt-sport,has_feat,"",jwToken_feat
mlt_event_with_zero_results,mlt-sport,has_feat,"",jwToken_feat
mlt_event_with_zero_results,mlt,has_feat,"",jwToken_feat
mlt_event_with_zero_results,mlt-sport,has_feat,"",jwToken_feat
mlt_event_with_zero_results,mlt,"","",""
mlt_event_with_zero_results,mlt-sport,has_feat,"",jwToken_feat
mlt_event_with_zero_results,mlt,has_feat,URL_feat,jwToken_feat
mlt_event_with_zero_results,mlt-sport,has_feat,"",jwToken_feat
mlt_event_with_zero_results,mlt-sport,has_feat,"",jwToken_feat
mlt_event_with_zero_results,mlt-sport,has_feat,URL_feat,jwToken_feat
mlt_event_with_zero_results,mlt-sport,has_feat,"",jwToken_feat
mlt_event_with_zero_results,mlt-sport,has_feat,"",jwToken_feat
mlt_event_with_zero_results,mlt-sport,has_feat,"",jwToken_feat
mlt_event_with_zero_results,mlt-sport,has_feat,"",jwToken_feat
mlt_event_with_zero_results,mlt,has_feat,URL_feat,jwToken_feat
mlt_event_with_zero_results,mlt,has_feat,URL_feat,""
mlt_event_with_zero_results,mlt,has_feat,URL_feat,""
mlt_event_with_zero_results,mlt-sport,has_feat,"",jwToken_feat
mlt_event_with_zero_results,mlt-sport,has_feat,URL_feat,jwToken_feat
mlt_event_with_zero_results,mlt-sport,has_feat,URL_feat,jwToken_feat
mlt_event_with_zero_results,mlt,has_feat,"",jwToken_feat
mlt_event_with_zero_results,mlt-sport,has_feat,"",jwToken_feat
mlt_event_with_zero_results,mlt,"","",""
mlt_event_with_zero_results,mlt-sport,has_feat,"",jwToken_feat
mlt_event_with_zero_results,mlt-sport,has_feat,"",jwToken_feat
mlt_event_with_zero_results,mlt-sport,has_feat,"",jwToken_feat
mlt_event_with_zero_results,mlt-sport,has_feat,"",jwToken_feat
mlt_event_with_zero_results,mlt-sport,has_feat,"",jwToken_feat
mlt_event_with_zero_results,mlt-sport,has_feat,URL_feat,jwToken_feat
mlt_event_with_zero_results,mlt-sport,has_feat,"",jwToken_feat
mlt_event_with_zero_results,mlt-sport,has_feat,"",jwToken_feat
mlt_event_with_zero_results,mlt-sport,has_feat,"",jwToken_feat
mlt_event_with_zero_results,mlt,"","",""
mlt_event_with_zero_results,mlt,"","",""
mlt_event_with_zero_results,mlt,"","",""
mlt_event_with_zero_results,mlt,"","",""
mlt_event_with_zero_results,mlt,"","",""
mlt_event_with_zero_results,mlt,"","",""
mlt_event_with_zero_results,mlt,"","",""
mlt_event_with_zero_results,mlt,"","",""
mlt_event_with_zero_results,mlt,"","",""
mlt_event_with_zero_results,mlt-sport,has_feat,"",jwToken_feat
mlt_event_with_zero_results,mlt,"","",""
mlt_event_with_zero_results,mlt-sport,has_feat,"",jwToken_feat
mlt_event_with_zero_results,mlt-sport,has_feat,URL_feat,jwToken_feat
mlt_event_with_zero_results,mlt-sport,has_feat,"",jwToken_feat
mlt_event_with_zero_results,mlt,"","",""
mlt_event_with_zero_results,mlt,"","",""
mlt_event_with_zero_results,mlt,"","",""
mlt_event_with_zero_results,mlt-sport,has_feat,URL_feat,jwToken_feat
mlt_event_with_zero_results,mlt,"","",""
mlt_event_with_zero_results,mlt,"","",""
mlt_event_with_zero_results,mlt,"","",""
mlt_event_with_zero_results,mlt,"","",""
mlt_event_with_zero_results,mlt-sport,has_feat,"",jwToken_feat
mlt_event_with_zero_results,mlt,"","",""
mlt_event_with_zero_results,mlt,"","",""
mlt_event_with_zero_results,mlt,"","",""
mlt_event_with_zero_results,mlt,"","",""
mlt_event_with_zero_results,mlt-sport,has_feat,"",jwToken_feat
mlt_event_with_zero_results,mlt-sport,has_feat,"",jwToken_feat
mlt_event_with_zero_results,mlt,"","",""
mlt_event_with_zero_results,mlt,"","",""
mlt_event_with_zero_results,mlt,"","",""
mlt_event_with_zero_results,mlt,has_feat,URL_feat,jwToken_feat
mlt_event_with_zero_results,mlt,"","",""
mlt_event_with_zero_results,mlt,"","",""
mlt_event_with_zero_results,mlt,"","",""
mlt_event_with_zero_results,mlt,"","",""
mlt_event_with_zero_results,mlt-sport,"","",""
mlt_event_with_zero_results,mlt,"","",""
mlt_event_with_zero_results,mlt,"","",""
mlt_event_with_zero_results,mlt,"","",""
mlt_event_with_zero_results,mlt,has_feat,URL_feat,jwToken_feat
mlt_event_with_zero_results,mlt-sport,"","",""
mlt_event_with_zero_results,mlt-sport,has_feat,URL_feat,jwToken_feat
mlt_event_with_zero_results,mlt-sport,has_feat,"",jwToken_feat
